,model,method,scaler,import,rmse,r2_score,explained_variance,AUC,accuracy,recall,precision,f1,training_time
0,Logistic Regression,sklearn.linear_model.LogisticRegression,StandardScaler,from sklearn.linear_model import LogisticRegression,,,,0.8206349206349205,0.7832167832167832,0.7832167832167832,0.7845394306068463,0.7806513013613606,0.853595495223999
1,Random Forest,sklearn.ensemble.RandomForestClassifier,,from sklearn.ensemble import RandomForestClassifier,,,,0.8519841269841268,0.7622377622377622,0.7622377622377622,0.773255316112459,0.754445928603232,0.10367894172668457
2,Gradient Boosting,sklearn.ensemble.GradientBoostingClassifier,,from sklearn.ensemble import GradientBoostingClassifier,,,,0.816468253968254,0.7552447552447552,0.7552447552447552,0.7714809942532714,0.7449677394428775,0.10401439666748047
3,Support Vector Machine,sklearn.svm.SVC,StandardScaler,from sklearn.svm import SVC,,,,,0.8041958041958042,0.8041958041958042,0.8092751238531289,0.8007206991295119,0.008077859878540039
4,K-Nearest Neighbors,sklearn.neighbors.KNeighborsClassifier,StandardScaler,from sklearn.neighbors import KNeighborsClassifier,,,,0.7918650793650794,0.7692307692307693,0.7692307692307693,0.7715553677092138,0.7656163820923546,0.016003847122192383
5,Decision Tree,sklearn.tree.DecisionTreeClassifier,,from sklearn.tree import DecisionTreeClassifier,,,,0.6669642857142857,0.6783216783216783,0.6783216783216783,0.6761602034329307,0.6750763360932852,0.0
6,Naive Bayes,sklearn.naive_bayes.GaussianNB,,from sklearn.naive_bayes import GaussianNB,,,,0.7960317460317461,0.48951048951048953,0.48951048951048953,0.6613159567705021,0.38629063244447864,0.0
