,model,method,scaler,import,rmse,r2_score,explained_variance,AUC,accuracy,recall,precision,f1,training_time
0,Random Forest,sklearn.ensemble.RandomForestClassifier,None,from sklearn.ensemble import RandomForestClassifier,,,,0.8284722222222223,0.7832167832167832,0.7832167832167832,0.7845394306068463,0.7806513013613606,0.15154218673706055
1,Logistic Regression,sklearn.linear_model.LogisticRegression,StandardScaler,from sklearn.linear_model import LogisticRegression,,,,0.8200396825396825,0.7762237762237763,0.7762237762237763,0.7767323585505403,0.7739661468475028,0.873685359954834
2,K Nearest Neighbors,sklearn.neighbors.KNeighborsClassifier,StandardScaler,from sklearn.neighbors import KNeighborsClassifier,,,,0.7899801587301587,0.7412587412587412,0.7412587412587412,0.7423153769307616,0.7372062465883976,0.015863418579101562
3,Support Vector Machine,sklearn.svm.SVC,StandardScaler,from sklearn.svm import SVC,,,,,0.7902097902097902,0.7902097902097902,0.7945558278039097,0.7864864633530484,0.01647329330444336
4,Decision Tree,sklearn.tree.DecisionTreeClassifier,None,from sklearn.tree import DecisionTreeClassifier,,,,0.6958333333333333,0.6923076923076923,0.6923076923076923,0.6914157413957494,0.6917256379621971,0.014026165008544922
5,Gradient Boosting,sklearn.ensemble.GradientBoostingClassifier,None,from sklearn.ensemble import GradientBoostingClassifier,,,,0.7973214285714285,0.7342657342657343,0.7342657342657343,0.7395476863561969,0.7270184361093452,0.1058034896850586
6,Naive Bayes,sklearn.naive_bayes.GaussianNB,None,from sklearn.naive_bayes import GaussianNB,,,,0.795436507936508,0.4755244755244755,0.4755244755244755,0.6803637538931656,0.35168366549409696,0.0
